00Rcs	3k4/ppp2p1r/4p2P/5n2/3Pp1N1/2P2K2/P1P3P1/7R w - - 0 30	f3e4 f5g3 e4f4 g3h1	863	crushing endgame fork short	https://lichess.org/6z8dEdCK#59
00R2A	2kr1b1R/p5p1/8/3P1p2/8/4B3/PPPK1P2/8 w - - 1 25	c2c4 f8b4 d2d3 d8h8	896	crushing discoveredAttack endgame short	https://lichess.org/ZjzT3REI#49
00MWz	8/8/2B5/4pK2/3k1pPp/5n1P/8/8 b - - 3 57	f3g1 g4g5 g1e2 g5g6	910	crushing endgame quietMove short	https://lichess.org/1sHbVvW6/black#114
00gNl	6k1/5R2/pp4p1/2p4p/7P/1P1r4/P3r1PK/5R2 b - - 0 38	d3d2 f7f8 g8h7 f1f7 h7h6 f8h8	914	endgame exposedKing long mate mateIn3 rookEndgame	https://lichess.org/JhG6365X/black#76
00hbV	8/pk1r1bR1/1p6/8/2P2N2/1P6/1K6/8 b - - 21 60	f7e6 f4e6 d7g7 e6g7	928	crushing endgame hangingPiece master short	https://lichess.org/DL4VBFov/black#120
00FON	1k6/8/8/6p1/1pp5/p4PP1/N1P4P/7K w - - 0 38	h2h4 b4b3 c2b3 c4b3	936	crushing endgame knightEndgame short	https://lichess.org/D9f2JIE8#75
00KMV	1r3k2/1p1q1p2/p2p1np1/2pP2bp/2P1P1n1/1PQ3P1/P3N1K1/3N1R1R b - - 11 28	f6e4 c3h8 f8e7 h8b8	943	crushing middlegame short skewer	https://lichess.org/zMA7YEmv/black#56
003jb	r3kb1r/p4ppp/b1p1p3/3q4/3Q4/4BN2/PPP2PPP/R3K2R b KQkq - 0 11	c6c5 d4a4 a6b5 a4b5	960	crushing fork master middlegame short	https://lichess.org/960EzUS0/black#22
009Wc	1r3rk1/1pq2pbp/p1p1pnp1/2N1N3/3P4/1QP5/PP3PPP/3RR1K1 w - - 2 19	e5d7 f6d7 c5d7 c7d7	964	crushing middlegame short	https://lichess.org/WnthPrdl#37
00CtS	Q5k1/5q2/p2p4/b1p1pr2/P7/6P1/4KP1R/8 b - - 3 38	g8g7 a8h8 g7g6 h8h6	967	endgame mate mateIn2 short swallowstailMate	https://lichess.org/yKolw9vl/black#76
001wr	r4rk1/p3ppbp/Pp1q1np1/3PpbB1/2B5/2N5/1PPQ1PPP/3RR1K1 w - - 4 18	f2f3 d6c5 g1h1 c5c4	974	advantage fork master masterVsMaster middlegame short	https://lichess.org/KnJ2mojX#35
00cud	8/5p2/6p1/1p1N1k2/1PbK4/2P3P1/8/8 b - - 0 48	c4f1 d5e3 f5e6 e3f1	979	crushing endgame fork master short	https://lichess.org/XdT6vR6T/black#96
00LNB	kr6/1pR4p/p4R2/n2r4/P3p3/4B3/6PP/6K1 b - - 0 38	d5d3 f6a6 b7a6 c7a7	1025	endgame mate mateIn2 operaMate sacrifice short	https://lichess.org/MQYDGoEM/black#76
00BJm	r2q1rk1/1Q2bppp/p1N1p3/1p6/2pP1n2/2P5/PP3PPP/R4RK1 b - - 1 18	d8d5 c6e7 g8h8 e7d5	1039	advantage fork hangingPiece middlegame short	https://lichess.org/Umzi5RNZ/black#36
00ZSZ	3r4/6pp/pNnNpk2/1p6/3pR3/8/PPP2PPK/8 w - - 4 32	e4f4 f6e5 d6f7 e5f4 f7d8 c6d8	1057	advantage defensiveMove endgame long	https://lichess.org/66DBsV70#63
00Evs	5qk1/pQ3pp1/7p/b2N1b2/P3r3/5K2/7P/R4B2 b - - 1 24	g7g5 d5f6 g8h8 f6e4	1058	advantage fork middlegame short	https://lichess.org/ZuufvD5S/black#48
00UHZ	3n2k1/6p1/pp3p1p/8/2r1NR1P/6P1/1PP5/1K6 b - - 1 32	d8e6 e4f6 g7f6 f4c4	1071	advantage discoveredAttack endgame short	https://lichess.org/bQ4MdAO1/black#64
00eLW	8/8/3q3k/5Q2/4p3/4P2P/5pK1/8 w - - 0 42	f5f4 d6f4 e3f4 e4e3	1073	crushing endgame queenEndgame short	https://lichess.org/jhaADLF2#83
00Tge	8/5k2/8/1p1p2pN/1PpP1nP1/2P1KP2/8/8 b - - 10 58	f4h5 g4h5 f7g7 f3f4	1079	crushing endgame short	https://lichess.org/Jri9vZwO/black#116
00bTs	2r4k/6bP/8/3p4/pp1qn3/3N1Q2/PPP3R1/1K5R w - - 5 35	g2g7 e4d2 b1a1 d2f3	1096	advantage fork master middlegame short	https://lichess.org/PDAfQk7l#69
007tv	r3k1nr/1pp2ppp/1pnp2q1/4p1B1/2B1P3/3P1Q1P/PPP2PP1/R4RK1 b kq - 0 11	g6g5 f3f7 e8d8 f7f8 d8d7 f8a8	1102	advantage attackingF2F7 long middlegame skewer	https://lichess.org/ky7qZNjk/black#22
005nD	3rk2r/2qn1pp1/p1Q1R3/3n3p/8/8/PP4PP/5R1K b k - 0 23	f7e6 c6e6 d5e7 e6f7	1105	fork mate mateIn2 middlegame short	https://lichess.org/hlgaj6lV/black#46
00Aas	3r1rk1/1p2q1pp/5p2/8/1P1n4/6Q1/PPbB1PPP/R2B1RK1 w - - 9 20	d1c2 d4e2 g1h1 e2g3 f2g3 d8d2	1107	crushing fork long middlegame	https://lichess.org/wYjuq3zz#39
00AB1	8/7Q/3p1kp1/1p6/2b5/2P4P/5PPK/4q3 b - - 8 36	e1c3 h7h8 f6e6 h8c3	1121	crushing endgame short skewer	https://lichess.org/KQDr21Ph/black#72
0050w	5rk1/1p2p1rp/p2p4/2pPb2R/2P1P3/1P1BKP1R/8/8 b - - 4 30	g7g3 h3g3 e5g3 h5g5 g8f7 g5g3	1131	crushing endgame fork long	https://lichess.org/QD8pUcTR/black#60
00TiV	8/1kp5/4n3/3pN3/r2P3R/2K4P/8/8 w - - 5 48	e5f3 a4a3 c3c2 a3f3	1135	crushing endgame short skewer	https://lichess.org/Wm6c0Vk6#95
00eQx	5r1k/R5bp/6p1/p2Bq3/p3P3/6PK/7P/4Q3 w - - 7 39	a7a5 e5h5 h3g2 h5f3	1148	crushing endgame short	https://lichess.org/fhgCrd1k#77
00Gvr	8/1b3pp1/1k4Pp/4K2P/4PP2/8/8/8 b - - 0 46	f7f6 e5e6 b7e4 e6f7	1149	advantage bishopEndgame defensiveMove endgame master short	https://lichess.org/tHhRpYsL/black#92
00O3h	5k2/R3Rp2/6p1/1p5p/1P5K/2nr4/7P/8 b - - 7 43	d3d4 h4g5 c3e4 g5h6	1150	crushing defensiveMove endgame short	https://lichess.org/71bhLvdU/black#86
001wR	6nr/pp3p1p/k1p5/8/1QN5/2P1P3/4KPqP/8 b - - 5 26	b7b5 b4a5 a6b7 c4d6 b7b8 a5d8	1152	endgame long mate mateIn3	https://lichess.org/ruvbd9JW/black#52
0048h	4r3/p5k1/2p2R1p/2Pp4/1P1pr1P1/P6P/8/3R3K w - - 1 35	f6c6 e4e1 d1e1 e8e1 h1g2 d4d3	1152	crushing endgame exposedKing long rookEndgame	https://lichess.org/dq15P00L#69
00fwM	Qn1qk2r/p4ppp/2p5/2bn4/4pPb1/2N5/PPPP2PP/R1B1KBNR w KQk - 1 9	h2h3 d8h4 g2g3 h4g3	1152	mate mateIn2 opening short	https://lichess.org/REHlrlvo#17
003eP	8/r1b1q2k/2p3p1/2Pp4/1P2p1n1/2B1P3/NQ6/2K4R b - - 1 36	h7g8 h1h8 g8f7 h8h7 f7e8 h7e7	1156	crushing exposedKing long middlegame skewer	https://lichess.org/n9vCFmKh/black#72
007eS	6k1/p4p2/1p5p/4r3/P3B3/1P3P2/2PK2PP/8 w - - 0 29	d2e3 f7f5 g2g4 f5e4	1156	advantage endgame short	https://lichess.org/8qs8bafy#57
00N3B	r2q1rk1/1bb2ppp/p1n1p3/4P3/Np1P4/1B2NP2/1P4PP/2RQ1RK1 b - - 0 20	d8d4 d1d4 c6d4 c1c7 d4b3 c7b7	1158	crushing long middlegame	https://lichess.org/knYvxXRq/black#40
006HV	1r6/5k2/2p1pNp1/p5Pp/1pQ1P2P/2P4R/KP3P2/3q4 w - - 4 31	c4c6 b4b3 a2a3 d1a1	1159	endgame mate mateIn2 short	https://lichess.org/ibb2c72C#61
00OCQ	1rr3k1/5p1p/p5pQ/4p3/4q3/B3P3/PPPR1PPP/2KR4 w - - 6 27	c2c3 c8c3 b2c3 b8b1	1160	mate mateIn2 middlegame queensideAttack sacrifice short	https://lichess.org/kcUnWeDs#53
008tL	8/7k/pR5p/3p4/5r2/2P1p2P/P5P1/6K1 w - - 0 40	b6a6 e3e2 a6e6 f4f1	1167	advancedPawn crushing endgame master rookEndgame short	https://lichess.org/yhNupFCi#79
004Lu	8/p1p4p/4Pk2/2PP1p1P/1r3r2/5B2/P3RK2/8 b - - 3 38	f6e7 d5d6 c7d6 c5d6 e7d6 e6e7	1168	advancedPawn advantage endgame exposedKing long master	https://lichess.org/WMeZuWza/black#76
00Af3	8/8/2B2p1p/P4Pp1/3p1kP1/1b1Pb2P/8/4K3 b - - 0 50	f4g3 a5a6 b3c4 a6a7	1171	advancedPawn bishopEndgame crushing endgame short	https://lichess.org/JBQDYKyD/black#100
00QZ3	r1bq3r/ppppnkpp/2n5/b5N1/4P3/B1P5/P4PPP/RN1QK2R b KQ - 1 9	f7f8 d1f3 f8e8 f3f7	1173	mate mateIn2 opening short	https://lichess.org/PiCJ1gmH/black#18
00aCb	r2q1rk1/pp2bpp1/2p1b2p/3nP3/3PN3/1P1Q3P/P4BP1/1BR2RK1 b - - 4 25	d5f4 e4f6 g7f6 d3h7	1175	clearance kingsideAttack mate mateIn2 middlegame sacrifice short	https://lichess.org/teDm3wIz/black#50
00Ta0	4k3/1R6/6p1/4Np1p/7P/2r3PK/5b2/8 w - - 11 47	e5g6 c3g3 h3h2 g3g6	1183	crushing endgame fork short	https://lichess.org/kDwb7v3y#93
001Fg	2R2r1k/pQ4pp/5rp1/3B4/q2n4/7P/P4PP1/5RK1 w - - 3 30	c8c7 d4e2 g1h2 a4f4 h2h1 e2g3 f2g3 f4f1	1185	advantage middlegame veryLong	https://lichess.org/y0QalMAw#59
00Tya	r4rk1/6pp/1p1Bp3/p7/P1PP4/4nqP1/2QR3P/4R1K1 w - - 1 25	c2a2 f3f1 e1f1 f8f1	1185	kingsideAttack mate mateIn2 middlegame sacrifice short	https://lichess.org/uhMJDCas#49
00Ybq	2rr4/4kp2/p3p2q/1p3nNP/3PQP2/P1N5/1P3K2/6R1 b - - 0 34	d8d4 e4b7 d4d7 b7c8	1192	crushing fork master middlegame short	https://lichess.org/TunHPHtZ/black#68
00ICz	2k2rr1/1p1q3p/1p2p3/1NbpQ3/P1p2P2/6P1/6KP/R4R2 b - - 0 31	f8f5 b5a7 c8d8 e5b8 d8e7 b8g8	1195	crushing long middlegame skewer	https://lichess.org/aGEDdbh2/black#62
00TQf	4r1k1/p1R1n2p/4N3/5rK1/8/6PP/P3R3/8 w - - 3 46	g5g4 h7h5 g4h4 e7g6	1196	endgame mate mateIn2 short	https://lichess.org/aPLWBAFg#91
004LZ	8/7R/5p2/p7/7P/2p5/3k2r1/1K2N3 w - - 3 48	e1g2 c3c2 b1a2 c2c1q h7d7 d2e2	1197	advancedPawn crushing defensiveMove deflection endgame long promotion	https://lichess.org/drahwNdj#95
00ZSd	2R5/5pk1/pb4p1/1p1q4/3P1P1p/P3r2P/1PQ3P1/3R2K1 w - - 6 45	g1h1 e3h3 h1g1 b6d4 d1d4 d5d4	1197	crushing endgame long pin	https://lichess.org/D5o6GOOI#89
001xl	8/4R1k1/p5pp/3B4/5q2/8/5P1P/6K1 b - - 5 40	g7f6 e7f7 f6e5 f7f4	1204	advantage endgame master masterVsMaster short skewer superGM	https://lichess.org/bEQkfPQD/black#80
00Bul	rnbqk2r/pp3ppp/5n2/3pN3/2B5/2P5/P1PPQPPP/R1B1K2R b KQkq - 1 8	d5c4 e5c6 c8e6 c6d8	1210	advantage discoveredAttack discoveredCheck opening short	https://lichess.org/70pObIpq/black#16
00AhO	r1b2rk1/2q2p1p/1p2pbp1/pP6/2P1Q3/P2B1N2/5PPP/3R1RK1 w - - 0 20	e4a8 c8b7 a8a7 f8a8 a7a8 b7a8	1229	advantage clearance long master middlegame trappedPiece	https://lichess.org/9PjjgfVE#39
00Bp0	1r2kr2/pp3p1p/2b1pn2/4N3/2P5/1N1B4/P3KP1P/6R1 b - - 4 21	f6e4 e5c6 b7c6 d3e4	1229	advantage capturingDefender middlegame short	https://lichess.org/GN8F9TsL/black#42
00AdI	3r4/4kp1p/1PQ1p1p1/p3b3/1p2P2P/1P6/6PK/8 w - - 1 36	h2h3 d8d3 g2g3 d3g3 h3h2 g3c3	1240	crushing discoveredAttack discoveredCheck endgame long master	https://lichess.org/WWyIGzPi#71
00KYU	3r4/p2n2kp/1p2Bpp1/2r2N2/4q3/6QP/P5P1/5R1K b - - 1 40	g7f8 g3d6 f8e8 d6e7	1245	mate mateIn2 middlegame short	https://lichess.org/UlNVmHbT/black#80
004mT	5Q2/8/1b1kp1p1/5p2/3p4/5qPK/7P/8 b - - 1 51	d6c6 f8a8 c6d6 a8f3	1255	advantage endgame short skewer	https://lichess.org/Jqhi4ozb/black#102
00L4x	1r4k1/4Ppbp/p5p1/2q5/p2n4/P2Q2B1/r2N1PPP/3KR2R b - - 0 27	g7h6 e7e8q b8e8 e1e8	1260	advancedPawn crushing kingsideAttack middlegame promotion short	https://lichess.org/kQUg1Hn3/black#54
00NUS	4rk2/pbp2pp1/1p1b4/3P1q2/QPBPN3/1KP2P2/P5r1/R3R3 w - - 0 25	e4d6 f5c2 b3a3 c2b2	1281	mate mateIn2 middlegame short	https://lichess.org/jQaVQrR6#49
005Bm	4rk2/p1q5/1p3Q1b/8/1p5N/2P1p3/P3P3/2K5 b - - 0 43	c7f7 h4g6 f8g8 f6h8	1291	endgame mate mateIn2 pin short	https://lichess.org/KKslCMev/black#86
00MFe	3r3k/p5pp/2r2q2/2p4Q/8/8/P5PP/3R1R1K b - - 5 29	d8d1 h5e8 f6f8 e8f8	1294	endgame mate mateIn2 short	https://lichess.org/d1J7UJ4D/black#58
00MeO	r1b1kb1r/1p2np2/p1p4p/4PPp1/3PN3/8/PPP3PP/R1B2RK1 b kq - 0 15	c8f5 e4d6 e8d7 d6f5	1308	advantage middlegame short	https://lichess.org/VgF6tpXG/black#30
00BCa	1r6/p2kp1P1/3p4/2pP4/2P2B2/pN6/5PK1/8 b - - 1 41	a3a2 b3c5 d6c5 f4b8 a2a1q g7g8q	1316	advancedPawn crushing endgame long master promotion	https://lichess.org/B8N0BmLk/black#82
004u0	6k1/ppq3pp/2p1rp2/4r3/4p1Q1/P5RP/1P3PP1/3R2K1 b - - 3 34	e6e8 d1d7 c7d7 g4d7	1325	advantage endgame short	https://lichess.org/3gEqoQeQ/black#68
00JR7	r4rk1/pp2q1p1/2p1p2p/3nP1pP/3P2P1/2PQ1R2/PPB5/R5K1 b - - 1 23	f8f3 d3h7 g8f7 c2g6 f7f8 h7h8	1327	kingsideAttack long mate mateIn3 middlegame	https://lichess.org/jSoa2xnc/black#46
003S3	r4k1r/pNqnppb1/6pn/2p3Np/7P/2P2Q2/PP3PP1/R1B1K2R b KQ - 2 15	a8b8 g5e6 f8g8 e6c7	1340	advantage middlegame pin short	https://lichess.org/Eu6S0GPA/black#30
0040n	r7/p2k1pp1/p1p1pn2/3p4/3P4/P3PQp1/1PP2P1q/2K4R w - - 0 20	h1h2 g3h2 f3h3 f6g4	1345	advancedPawn advantage endgame short	https://lichess.org/WIUWcrdG#39
00761	3r2k1/1b3pbR/p2P2P1/3p2N1/2p5/2P2N2/PP6/2K5 b - - 0 28	f7g6 h7g7 g8g7 g5e6 g7g8 e6d8	1347	attraction crushing endgame exposedKing fork long sacrifice	https://lichess.org/vu70Maig/black#56
009FP	r1b1k1nr/ppp2pbp/3ppqp1/8/2BnP3/N2P2QP/PPP2PP1/R1B1K2R b KQkq - 4 9	e6e5 c1g5 f6g5 g3g5	1347	advantage opening short trappedPiece	https://lichess.org/2ndCtdd9/black#18
00PUc	3r3k/pp4bp/3Bn1p1/7n/8/8/PP3P1K/R4RN1 w - - 1 27	a1d1 d8d6 d1d6 g7e5 h2h1 e5d6	1366	advantage attraction exposedKing fork long middlegame sacrifice	https://lichess.org/F6OhRxfl#53
000lC	3r3r/pQNk1ppp/1qnb1n2/1B6/8/8/PPP3PP/3R1R1K w - - 5 19	d1d6 d7d6 b7b6 a7b6	1379	advantage hangingPiece middlegame short	https://lichess.org/vaqz2bx6#37
00PHg	R7/P4p2/5k1p/q5n1/5R2/7P/5PK1/8 b - - 2 46	f6e5 a8e8 e5f4 a7a8q a5a8 e8a8	1386	advancedPawn advantage clearance endgame long promotion	https://lichess.org/u5o6sm6r/black#92
00O8m	r3r1k1/ppp2ppp/2nn1q2/8/3P4/P1P1P1P1/2Q3BP/R1B1KR2 b Q - 4 16	f6e6 d4d5 e6e5 d5c6	1389	crushing fork middlegame short	https://lichess.org/G3Q51olU/black#32
00Myw	r1b3r1/2q2p1k/1n2p2n/p2pP1NP/P1pP1QP1/1pP5/1P3PB1/R3R1K1 b - - 4 26	h7h8 f4f6 g8g7 f6h6	1392	crushing fork master middlegame short	https://lichess.org/b9YfMjmI/black#52
00G81	3r4/5k2/p4Pp1/2pK2Pp/2R5/P7/8/8 w - - 7 51	d5c5 d8c8 c5d4 c8c4 d4c4 h5h4	1394	crushing defensiveMove endgame long rookEndgame	https://lichess.org/Q8HZlLcF#101
008D5	r1bqk2r/pp3ppp/4p2n/3pP3/1b1P1P2/2N5/PP4PP/R1BQKB1R b KQkq - 2 9	h6f5 d1a4 c8d7 a4b4	1421	advantage fork master opening short	https://lichess.org/jIGC2FuP/black#18
00KHR	8/6pk/1Q1p2n1/4p3/2P3P1/P2PP2P/1B4K1/4q3 w - - 1 35	g2f3 g6h4 f3e4 e1h1	1426	endgame mate mateIn2 short	https://lichess.org/m54DAZPv#69
00B3B	2K5/3P4/5b2/p1B5/P7/3k4/6p1/8 w - - 7 77	d7d8q f6d8 c8d8 d3c4	1429	crushing endgame short	https://lichess.org/b7iJvp5Z#153
00M1q	2r3k1/2r1q1p1/p3p1Q1/1p1p4/nP1P4/2P4R/P4PPP/2R3K1 b - - 0 30	e7f6 g6h7 g8f7 h3f3 f6f3 g2f3	1434	advantage long middlegame pin	https://lichess.org/nsAQV9mj/black#60
0068B	r1q3k1/4bppp/pp2pn2/4B3/8/2N2Q2/PPPR1PPP/6K1 b - - 0 18	f6d7 d2d7 c8d7 f3a8	1436	crushing deflection middlegame short	https://lichess.org/LNdzAgWP/black#36
0054a	r1b2rk1/ppq2ppp/8/4b2Q/4R3/3B4/PP3PPP/R1B3K1 b - - 1 15	g7g6 h5e5 c7e5 e4e5	1442	advantage middlegame short	https://lichess.org/kZlE1pvD/black#30
009BH	3r2k1/6p1/4Q3/4B3/1p3P2/4PKP1/3q4/8 b - - 17 51	g8h8 e6h6 h8g8 h6g7	1445	endgame mate mateIn2 pin short	https://lichess.org/QauOOpOY/black#102
00InW	8/2p5/pp1p4/3PnN2/PPP1Pp2/5P1p/5K1k/8 b - - 3 46	e5f3 f2f3 h2g1 f3f4 h3h2 f5g3	1450	crushing defensiveMove endgame hangingPiece knightEndgame long	https://lichess.org/CZaimWSp/black#92
009zS	r3r1k1/1p3p1p/p1p3p1/8/6bP/Q3b3/PP2B1P1/R3K2R w KQ - 2 20	g2g3 g4e2 e1e2 e3c5 e2f3 c5a3	1457	advantage discoveredAttack discoveredCheck exposedKing long middlegame	https://lichess.org/YSoU6ySt#39
00LNH	1k2r3/pp2r2p/2pqbpp1/3n4/2BP1p2/5N1P/PPQB1PP1/1K1RR3 w - - 2 22	c4b3 e6f5 c2f5 g6f5	1466	advantage middlegame pin short	https://lichess.org/gVcbpusg#43
0000D	5rk1/1p3ppp/pq3b2/8/8/1P1Q1N2/P4PPP/3R2K1 w - - 2 27	d3d6 f8d8 d6d8 f6d8	1468	advantage endgame short	https://lichess.org/F8M8OS71#53
00AFG	r4rk1/2q2ppp/p3bp2/2P2N1Q/Ppp5/8/1PP2PPP/R2R2K1 b - - 6 21	c7c5 f5h6 g7h6 h5c5	1470	advantage discoveredAttack middlegame short	https://lichess.org/xpx24bwV/black#42
00LOy	5k2/1p3pp1/p3pb2/r7/2P2B2/1P6/1PR1K1PP/8 b - - 0 33	f6e5 b3b4 a5a1 f4e5	1476	crushing endgame short	https://lichess.org/dq3UiVvj/black#66
00KSB	r7/4kpRp/2p2p1P/p1P1n3/Pp6/1B6/5PP1/6K1 b - - 2 35	a8h8 f2f4 e5d7 g7f7	1478	crushing endgame short	https://lichess.org/GqvPZnmI/black#70
00Kbj	8/8/6p1/PR3p2/1P3k2/7P/r5P1/7K w - - 1 39	h3h4 f4g3 b5d5 a2a1 d5d1 a1d1	1479	endgame long mate mateIn3 rookEndgame	https://lichess.org/PW8a1JvE#77
0017R	r2qk2r/pp2ppbp/1n1p2p1/3Pn3/2P5/2NBBP1P/PP3P2/R2QK2R b KQkq - 0 12	e5c4 d3c4 b6c4 d1a4 d8d7 a4c4	1495	advantage fork long middlegame	https://lichess.org/ol84k0z4/black#24
00LH7	6k1/6Bp/6pP/3q1p2/p2PnQ2/2r5/P5PK/4R3 b - - 1 39	d5d6 e1e4 d6f4 e4f4	1526	crushing endgame short	https://lichess.org/7mA63Gfs/black#78
00GVf	2b2k2/6q1/pn4p1/1rp2p2/8/8/1P2Q1P1/1K2R2R b - - 3 32	c8d7 h1h8 g7h8 e2e7 f8g8 e7d8	1529	crushing exposedKing long middlegame sacrifice	https://lichess.org/sTFSNjA5/black#64
00Nf5	r1bq1rk1/pp2bppp/2pp1n2/8/5P2/5N2/PBPPB1PP/RN1Q1RK1 w - - 5 11	b1c3 d8b6 g1h1 b6b2 a1b1 b2a3	1529	advantage fork long opening	https://lichess.org/JkE5qS7u#21
006E1	5rk1/R4pp1/1p5p/3Q4/1PPp2q1/3P2P1/5P2/4nK2 w - - 0 34	f1e1 f8e8 e1f1 g4h3 d5g2 e8e1 f1e1 h3g2	1537	crushing deflection endgame veryLong	https://lichess.org/KaLKLKD5#67
00HzX	4r1k1/5pp1/2R4p/1p6/8/1PP3QP/2q2PP1/6K1 w - - 0 29	c6h6 c2c1 g1h2 c1h6	1565	crushing endgame fork short	https://lichess.org/tKKATkce#57
00DkJ	3r1bnr/2p2ppp/2b5/R1k5/5P2/2N5/4N1PP/1R4K1 b - - 3 21	c5d6 b1d1 d6e7 a5e5 e7f6 d1d8	1575	crushing deflection exposedKing long middlegame	https://lichess.org/JJiGlqDg/black#42
00IUT	1r2r1k1/ppp1q1pp/4b3/4P3/1Q1p1P2/8/P5PP/R1BR2K1 w - - 6 19	d1d4 c7c5 b4a3 c5d4 a3e7 e8e7	1579	crushing fork long middlegame	https://lichess.org/93xXeKdX#37
00Lt1	r4k2/pp3p2/2pNR2p/5Qp1/1P3n2/3P4/P1PK1qPP/8 w - - 6 31	d2c3 f4d5 c3b3 f2f5 d6f5 f7e6	1595	advantage discoveredAttack endgame long	https://lichess.org/CcaXmpEd#61
004BW	r1bk2r1/ppq2pQp/3bpn2/1BpnN3/5P2/1P6/PBPP2PP/RN2K2R w KQ - 3 13	e5f7 d8e7 g7g8 f6g8	1598	advantage master middlegame short	https://lichess.org/EXlG6TZs#25
006pe	r4r2/2q1NN2/4bQpk/2n4p/pp5P/8/1PP2PP1/2KR3R b - - 0 28	e6f7 e7f5 h6h7 f6g7	1600	master mate mateIn2 middlegame pin short	https://lichess.org/gkSEAS27/black#56
00ME0	8/1p6/p1b5/5k1p/1PB1p2P/P3P1K1/8/8 b - - 2 35	f5e5 c4f7 c6d7 f7h5	1605	bishopEndgame crushing endgame short	https://lichess.org/Z2H5mRQg/black#70
004Ud	r1bqk2r/p3Bppp/3p4/1ppn4/4P3/4Q3/PPP2PPP/2KR1B1R b kq - 0 11	d5e7 f1b5 c8d7 d1d6 d7b5 d6d8	1612	advantage interference long middlegame	https://lichess.org/pJ7nXTvE/black#22
002KJ	r3kb1r/ppq2ppp/4pn2/2Ppn3/1P4bP/2P2N2/P3BPP1/RNBQ1RK1 b kq - 2 10	f8e7 f3e5 c7e5 e2g4	1619	crushing discoveredAttack middlegame short	https://lichess.org/2NpTzh7O/black#20
00FAe	5Rbk/6pp/8/p3P3/Pp1pq3/8/1P4PP/3Q2K1 w - - 1 35	d1b3 e4e1 f8f1 e1f1 g1f1 g8b3	1621	crushing endgame long	https://lichess.org/EvpVpm3n#69
002Ua	r4rk1/pp3ppp/3p1q2/P1P1p3/2B5/2B2n2/2P2P1P/R2Q1RK1 w - - 0 16	g1h1 f6f4 d1f3 f4f3	1629	crushing kingsideAttack middlegame short	https://lichess.org/06i3eMVp#31
00BM8	r4rk1/pp2bppp/2ppnn2/8/N1P1P3/q1P4P/P2N2PB/R2Q1R1K b - - 0 16	a8d8 d2b1 a3a4 d1a4	1637	advantage master middlegame short trappedPiece	https://lichess.org/IBbaWSo7/black#32
00Kia	5r1k/4n1pp/1p6/pP5Q/P2pB2K/6P1/2P4P/4q3 b - - 4 37	g7g6 h5e5 h8g8 e4d5 e7d5 e5e1	1637	advantage discoveredAttack endgame fork long	https://lichess.org/hH8qwFYM/black#74
00J1t	r1qr3k/pp3pB1/1np1pb2/8/3P3P/2N2PR1/PP1Q2P1/2KR4 b - - 0 22	f6g7 d2g5 d8g8 g5h5 g7h6 h5h6	1642	exposedKing kingsideAttack long mate mateIn3 middlegame	https://lichess.org/77hjhVfM/black#44
000Sa	2Q2bk1/5p1p/p5p1/2p3P1/2r1B3/7P/qPQ2P2/2K4R b - - 0 32	c4c2 e4c2 a2a1 c2b1	1655	advantage endgame short	https://lichess.org/lTTa9lwd/black#64
00IHi	8/4R3/1k6/8/p7/1p1N2P1/5KP1/r7 w - - 0 55	e7e1 a1e1 f2e1 a4a3 e1d2 a3a2 d2c3 a2a1q	1662	advancedPawn crushing endgame promotion veryLong	https://lichess.org/DiBepPdz#109
00TRo	5q1k/2r3p1/1p2p2b/3p2NQ/3P4/1p6/5R2/6K1 b - - 1 38	f8b4 h5e8 b4f8 f2f8	1671	endgame mate mateIn2 short	https://lichess.org/h4dPcMj5/black#76
001XA	1qr2rk1/pb2bppp/8/8/2p1N3/P1Bn2P1/2Q2PBP/1R3RK1 b - - 3 23	b8c7 b1b7 c7b7 e4f6 e7f6 g2b7	1687	crushing discoveredAttack long master middlegame sacrifice	https://lichess.org/KZRiN695/black#46
00Qlc	8/5R2/P7/2p1r3/2Pp2k1/3K4/5p2/8 b - - 1 54	e5f5 f7f5 g4f5 d3e2 f2f1q e2f1	1694	crushing endgame long rookEndgame	https://lichess.org/CvcBVbVr/black#108
00LSv	3r3k/1p4pp/2p3q1/8/3Q4/8/PP4rP/R4R1K b - - 1 28	g2g1 d4g1 g6e4 g1g2	1695	advantage endgame short	https://lichess.org/EfV2OOTd/black#56
00DII	2rr2k1/p5p1/1p5p/2pP1p1P/2q5/P4QR1/5PP1/4R1K1 b - - 3 31	c4d5 e1e8 g8f7 f3d5 d8d5 e8c8	1706	advantage endgame intermezzo long	https://lichess.org/vJnBcDxi/black#62
002Uy	8/8/1p6/k7/P1R5/1K5r/8/8 w - - 26 64	c4c3 h3c3 b3c3 a5a4 c3b2 a4b4	1714	crushing defensiveMove endgame long rookEndgame	https://lichess.org/sLU7YN1A#127
00Al5	2r3k1/p2q1pbp/1p2pnp1/nB1p4/3P4/1Pr1P2P/P1QB1PP1/2R2RK1 w - - 0 19	b5d7 c3c2 d7c8 c2d2	1719	advantage middlegame short	https://lichess.org/EtyflSie#37
00IiM	r5k1/pp4p1/1n6/3pB3/3P2pb/2NQ1r2/PP6/2K3R1 w - - 2 24	d3f3 g4f3 g1g7 g8f8	1719	advantage middlegame short	https://lichess.org/qzEITbaG#47
00FND	8/1P6/8/7p/3P4/3k1p1P/4p3/3K4 w - - 0 49	d1e1 d3e3 h3h4 f3f2	1728	advancedPawn endgame mate mateIn2 pawnEndgame short	https://lichess.org/C4mOV5Og#97
006fF	r1b4r/pp1k2pp/2nb2q1/1B1p2B1/3p3Q/8/PPP2PPP/3RR1K1 b - - 5 17	h7h6 h4g4 d7c7 g5d8 h8d8 g4g6	1731	advantage discoveredAttack exposedKing long middlegame	https://lichess.org/mAf9SSin/black#34
007en	rn3rk1/4pp1p/3p2pB/2q4P/3bP1b1/Pp2Q3/1P2B3/1K1R2NR w - - 0 20	e3d4 c5c2 b1a1 a8a3 b2a3 c2a2	1733	long mate mateIn3 middlegame queensideAttack sacrifice	https://lichess.org/jzE2yKAk#39
00CMj	7R/8/8/6p1/2p1p1k1/2PbK2p/P7/8 w - - 4 71	e3f2 e4e3 f2e3 g4g3	1736	crushing defensiveMove endgame master short	https://lichess.org/JJZ8AIxT#141
00EgR	N2k3r/1b1n1Bpp/p7/1pb1P3/6P1/4p3/PPP4P/1K1R3R w - - 1 20	e5e6 b7h1 d1d7 d8c8 d7c7 c8b8	1770	advantage long middlegame	https://lichess.org/PfKZb868#39
005gP	8/8/3p4/2kP4/1p4P1/2pK4/P7/8 w - - 1 42	g4g5 c5d5 g5g6 d5e6 g6g7 e6f7 a2a4 b4a3 g7g8r f7g8	1775	crushing enPassant endgame pawnEndgame veryLong	https://lichess.org/I76OvKQT#83
00IUW	8/Q1p1r1kp/5pp1/3P3r/4P3/2N2bPq/PPP2R1P/5RK1 w - - 3 23	a7e3 h3g3 h2g3 h5h1	1783	clearance kingsideAttack mate mateIn2 middlegame operaMate sacrifice short	https://lichess.org/83tyhOfz#45
00IYg	r1b2r2/pp2npp1/1qn1p1k1/3pP1N1/3P3P/P7/1P1Q1PP1/RN2K2R b KQ - 0 13	f7f6 h4h5 g6h6 g5e6 h6h7 e6f8	1784	advantage discoveredAttack discoveredCheck long middlegame	https://lichess.org/SWSWl6dS/black#26
0095W	8/pp1r2kp/q2P1ppb/4p3/2N1P3/1Q5P/PPR2PP1/6K1 w - - 3 32	c4e5 f6e5 c2c7 a6d6	1794	advantage endgame hangingPiece short	https://lichess.org/CaL8Bl7F#63
00NHK	r1b2rk1/1p2b1p1/pqn1p1P1/3pP3/1P1P4/P1N1P3/6P1/R2QK2R b KQ - 0 17	c6e5 h1h8 g8h8 d1h5 h8g8 h5h7	1796	attraction fork long mate mateIn3 middlegame sacrifice	https://lichess.org/YWzSZGeb/black#34
00008	r6k/pp2r2p/4Rp1Q/3p4/8/1N1P2R1/PqP2bPP/7K b - - 0 24	f2g3 e6e7 b2b1 b3c1 b1c1 h6c1	1797	crushing hangingPiece long middlegame	https://lichess.org/787zsVup/black#48
001xO	k1r1b3/p1r1nppp/1p1qpn2/2Np4/1P1P4/PQRBPN2/5PPP/2R3K1 w - - 0 19	d3a6 b6c5 a6c8 c5c4	1798	crushing master masterVsMaster middlegame sacrifice short	https://lichess.org/fNCePFgY#37
00D77	5rk1/bpp3pp/p1npb3/4p3/1P2Nr1q/P1PP3P/1B1QBPR1/2K3R1 b - - 2 21	h4h3 g2g7 g8h8 e4g5	1798	crushing kingsideAttack middlegame short	https://lichess.org/PgppfwbE/black#42
00143	r2q1rk1/5ppp/1np5/p1b5/2p1B3/P7/1P3PPP/R1BQ1RK1 b - - 1 17	d8f6 d1h5 h7h6 h5c5	1800	advantage middlegame short	https://lichess.org/jcuxlI63/black#34
00HqY	8/6p1/8/6k1/4P3/5KpP/8/8 b - - 3 46	g5h4 f3g2 h4g5 g2g3	1802	crushing endgame master pawnEndgame short zugzwang	https://lichess.org/eG289RUU/black#92
00Nay	r2q1r2/ppp2pk1/3p1n2/4p1p1/2B1P3/2NP2Q1/PPP5/2K4R b - - 0 19	g7g6 g3h3 f8h8 h3f5 g6g7 f5g5	1809	crushing deflection long middlegame quietMove	https://lichess.org/wMvkJfcA/black#38
003wQ	2r2rk1/6pp/3Q1q2/8/3N1B2/6P1/PP1K3P/R4b2 w - - 0 24	a1f1 f6d6 f4d6 f8f1	1814	advantage discoveredAttack middlegame pin short	https://lichess.org/W3wvnzlo#47
00MDy	8/pp6/2p1k3/2Pp2pp/1P1P1p2/P2K1P2/6PP/8 w - - 0 42	g2g3 f4g3 h2g3 h5h4 g3h4 g5h4	1830	crushing endgame long pawnEndgame	https://lichess.org/LQDmrg5w#83
00Se9	5rk1/pp1n2r1/3p2N1/2pQ4/2P5/4P1P1/qP2KPP1/7R b - - 1 24	g7f7 g6e7 g8g7 d5g5	1836	mate mateIn2 middlegame pin short	https://lichess.org/cMwUzce9/black#48
006om	1r3k2/5p1p/2p1pp2/P2n4/2r1N3/P4PK1/2R2P1P/2R5 b - - 9 29	c4a4 e4c5 a4a5 c5d7 f8g7 d7b8	1841	crushing endgame fork long master	https://lichess.org/BMIgw1OR/black#58
00FPo	7R/1K3p2/6k1/PP4p1/8/6rp/8/8 b - - 2 47	g5g4 a5a6 h3h2 h8h2	1842	crushing endgame rookEndgame short	https://lichess.org/6C03NLdu/black#94
00Rue	r2qkb1r/pp1nppp1/2p2n1p/3p1b2/3P4/BP2PN2/P1P2PPP/RN1QKB1R w KQkq - 2 7	c2c4 f5b1 a1b1 d8a5 b3b4 a5a3	1842	advantage fork long opening	https://lichess.org/tgFzBrLu#13
00NEO	4qr2/pR1b2pk/5p1p/4pPP1/3bB3/3P3Q/P1r4P/4BR1K b - - 0 24	d7c6 h3h6 h7g8 h6g7	1874	mate mateIn2 middlegame pin short	https://lichess.org/43Kqr7qG/black#48
00CXr	r2k2nr/pp2qBb1/3p3p/Q5p1/3n1B2/2N2R2/PPP3P1/R5K1 b - - 1 18	b7b6 a5d5 d4f3 g2f3 a8c8 f4d6	1905	advantage long middlegame sacrifice	https://lichess.org/sr8OoFsx/black#36
009XT	rn1qk2r/pp3ppp/3bp1b1/3p4/3Pn2N/3BB3/PPP2PPP/RN1Q1RK1 w kq - 4 10	h4g6 d6h2 g1h1 h7g6	1914	crushing intermezzo opening short	https://lichess.org/bf23N8Ng#19
00FF5	r3k3/ppp1qp2/1b1p3p/4p2r/2B1P1b1/P1PP1P2/1P4PQ/RN3R1K b q - 2 18	e7h4 c4f7 e8e7 f7h5	1920	attackingF2F7 crushing middlegame short	https://lichess.org/YBDgjNpz/black#36
005wy	1r6/pp2kpp1/2n1p1n1/3p2PQ/5P2/2PqP3/PP1N4/2KR3R w - - 3 27	h5h7 c6b4 c3b4 b8c8 d2c4 c8c4	1938	long mate mateIn3 middlegame queensideAttack sacrifice	https://lichess.org/mBQMheB4#53
008lc	7k/pb1qn2n/1p2R2Q/2p2p2/2Pp4/3B4/PP3PrP/4RK2 b - - 1 27	g2g7 h6g7 h8g7 e6e7 d7e7 e1e7	1973	attraction crushing exposedKing fork long middlegame	https://lichess.org/UdZXrVA5/black#54
00Ezc	rnb1k2r/ppp4p/3b1qp1/3P1pBQ/4p2N/2N5/PPP2PPP/R3R1K1 b kq - 1 13	f6f7 c3e4 f5e4 e1e4	1982	crushing middlegame short	https://lichess.org/DlEjvVuJ/black#26
001kG	rnbq3r/1p2bkpp/p4n2/8/2pNP3/2N5/PPP3PP/R1BQ1RK1 b - - 1 11	e7c5 d1h5 f7g8 h5c5	1983	advantage opening pin short	https://lichess.org/xXAEaVto/black#22
00UI2	2r3nr/p5pp/b3kp2/3p4/4p3/BP3P2/P1PN2PP/2KR3R b - - 0 18	f6f5 f3e4 f5e4 d2e4 d5e4 d1d6 e6f7 d6a6	1993	clearance crushing fork middlegame sacrifice veryLong	https://lichess.org/eellQ95m/black#36
00afi	3r2k1/1p5p/pbbqpr2/3PR3/P5p1/2B2N1P/1PQ2P1P/3R3K b - - 0 26	f6f3 e5g5 g8f8 c2h7 d6h2 h1h2 f3h3 h7h3	2001	crushing deflection middlegame veryLong	https://lichess.org/VcPyc8y8/black#52
00MZr	1k5r/ppp5/2p5/3n4/5pQ1/3P1P1r/PPP2K2/5R2 w - - 2 26	f1g1 h3h2 g1g2 d5e3	2007	crushing endgame short	https://lichess.org/LITlSDhw#51
00dTd	3r4/ppp1Q3/1b2kP2/8/4qp2/P1Pr4/1P3P2/1K2N3 b - - 5 31	e6d5 e7d8 d5c6 e1d3	2012	advantage endgame hangingPiece short	https://lichess.org/UVi7iEcB/black#62
00iQH	2r2r2/p4p1k/4q2N/3pn1p1/4p1RQ/2P1P2P/PP4P1/5RK1 w - - 1 27	h6f7 g5h4 f7g5 h7h6 g5e6 f8f1 g1f1 e5g4	2012	advantage kingsideAttack middlegame veryLong	https://lichess.org/aa99iASm#53
00j9Q	rnb2r1k/2q2p1p/p2p1bp1/1p2pN2/4P1QN/3B3R/PPP2PPP/R5K1 b - - 1 19	g6f5 h4f5 c8f5 g4f5	2017	advantage middlegame short	https://lichess.org/SalKpiT9/black#38
00p93	1k1r1b1r/n1p3p1/p5p1/1pn1P3/P2B2Pq/2P2Q1P/1PB1K3/R6R b - - 0 24	c5e6 d4a7 b8a7 a4b5 d8d2 e2d2	2017	crushing long middlegame pin queensideAttack	https://lichess.org/TAw4No8T/black#48
00JZk	7k/1q5p/3Q2p1/8/P3p3/1p2B2P/1br3P1/R5K1 b - - 0 32	b7f7 a1f1 f7f1 g1f1	2027	crushing endgame short	https://lichess.org/YuyVHFxe/black#64
00C3O	r2qkbnr/pp4pp/2p2p2/4n2b/2B1P3/2N2N2/PPP3PP/R1BQ1RK1 w kq - 0 10	d1e2 h5f3 g2f3 d8d4	2037	crushing kingsideAttack opening short	https://lichess.org/F4Vo1eZG#19
00OPc	1k1rr3/ppp1q3/8/4nQNp/8/2P4P/PP4P1/2K1R2R w - - 0 25	g5f3 e5d3 f5d3 d8d3 e1e7 e8e7	2045	advantage fork long middlegame	https://lichess.org/43yrfr28#49
00kHM	3r1rk1/pp2npp1/1q2b2p/3p4/4n3/PBP2N1P/1P1N1PP1/R2Q1RK1 w - - 4 16	d2e4 d5e4 f3d4 d8d4	2047	crushing middlegame short	https://lichess.org/com04Zfp#31
00Qog	1r3rk1/pP2qppp/1b3n2/1Q2p3/4P3/2NP1bP1/PP2NP1P/R1B2RK1 w - - 1 15	c1g5 e7e6 e2f4 e5f4	2060	crushing middlegame short	https://lichess.org/5wfin3S4#29
00x5X	7r/Bp1k1ppp/b7/4P3/1b1N4/8/PP3rPP/R2K3R w - - 0 19	d4c2 f2d2 d1c1 h8c8 h1d1 c8c2	2065	crushing long middlegame pin	https://lichess.org/3zRv22af#37
00dWq	2r1kb2/5p1p/p3p3/1p2P1Q1/1Pq5/P1p3P1/2P4P/2KR1R2 w - - 0 28	g5f4 f8h6 c1b1 h6f4	2078	advantage endgame pin short	https://lichess.org/sRKDDbRV#55
00GWg	1r1r2k1/pp4pp/2nNb3/2R2p2/2P1p3/8/P4PPP/3BR1K1 w - - 1 26	d6b7 b8b7 c5c6 b7b1 g1f1 d8d1 e1d1 b1d1 f1e2 e6d7	2091	crushing middlegame veryLong	https://lichess.org/M7Dta3mv#51
00fxc	4r2k/1pQ2p2/p4N1p/5P2/1P6/P1Pn1K2/4r3/6R1 w - - 1 36	c7f7 e8e3 f3g4 d3e5 g4h5 e2h2	2092	endgame exposedKing fork long mate mateIn3	https://lichess.org/cFwPoNNu#71
00y3g	8/4Qpk1/p3p2p/1p1b3r/7P/3B4/2P3PK/4r3 b - - 4 44	e1d1 d3e2 h5h4 e7h4	2096	advantage endgame fork short	https://lichess.org/8yjVFUQ7/black#88
00mF3	1r6/6k1/b2p1p2/2qP1Pp1/1pP1P1P1/3Q4/3BK3/7R w - - 4 38	d3h3 c5c4 e2f2 c4e2 f2g1 e2d1	2101	crushing endgame exposedKing fork long	https://lichess.org/MmowlWby#75
00vUf	3R4/p4pkp/2p5/6p1/1P1B4/r3PP2/2r3PP/5K2 b - - 6 31	g7g6 d8d6 f7f6 d6f6 g6g7 f6c6	2102	crushing discoveredAttack discoveredCheck endgame long	https://lichess.org/87kUHyPW/black#62
00vuv	r3r3/2q1b1pk/p3P1Np/5Qp1/8/3p4/PPp2P2/2R1R1K1 b - - 1 30	d3d2 g6f8 h7g8 f5h7 g8f8 h7h8	2102	discoveredCheck doubleCheck long mate mateIn3 middlegame sacrifice	https://lichess.org/SJRbBrel/black#60
00Ac7	8/2p1pk1p/Pp4p1/8/p1P2P2/3r2P1/3PR2P/3K4 b - - 1 33	a4a3 a6a7 d3d8 e2e3 a3a2 e3a3	2109	advancedPawn advantage endgame long rookEndgame	https://lichess.org/SIcsTksL/black#66
00XbN	6k1/R4p1p/6P1/3p4/8/2b5/1r2rBPP/5RK1 b - - 0 26	e2f2 g6f7 g8f8 a7a8	2109	advancedPawn advantage endgame short	https://lichess.org/RsJhaWfC/black#52
00SiY	8/8/3p2N1/3Pp1n1/4Pp1p/3k1P1P/6K1/8 w - - 8 57	g6h4 d3e2 h4f5 g5f3	2111	crushing endgame knightEndgame master short zugzwang	https://lichess.org/nqOd6mWK#113
00D12	8/6pp/8/3kP3/1p1P2P1/rPpK3P/4R3/8 b - - 1 39	a3b3 e5e6 c3c2 d3c2 b3c3 c2d2	2119	crushing endgame long rookEndgame	https://lichess.org/iC0vC5to/black#78
00iQC	1k1r1b1r/4q3/QBpp4/4p3/4P2p/5p2/P5PP/4R1K1 b - - 0 28	d8d7 e1b1 d7b7 b6a7 b8c8 a6c6 e7c7 c6e8	2123	crushing discoveredAttack exposedKing middlegame queensideAttack quietMove veryLong	https://lichess.org/Yg1J59NW/black#56
00QyM	8/3k4/1pp3p1/4Pp1p/2PK1P1P/pP6/P7/8 b - - 1 35	d7e6 b3b4 e6e7 b4b5 c6b5 c4b5	2135	crushing endgame long pawnEndgame quietMove zugzwang	https://lichess.org/DcRRuwOx/black#70
00YHj	5k2/1p6/8/4p2B/1R2Pp1p/3r1KpP/8/8 w - - 1 50	f3e2 d3e3 e2f1 f4f3 h5f3 e3f3	2144	crushing endgame long	https://lichess.org/BqUcvzk5#99
00JtR	1rbk3r/3qp1b1/p3p1Bp/1N1P2p1/8/P5P1/1P2Q1P1/R3K2R w KQ - 2 23	d5e6 d7b5 e2d2 d8c7 a1c1 c7b7 g6e4 b7a7	2149	crushing defensiveMove middlegame veryLong	https://lichess.org/eQy3tkuB#45
00WoW	8/4kppR/r1p1p2p/p3P2P/4P1P1/1pP1KP2/6B1/8 w - - 0 29	e3d2 a5a4 g2f1 a4a3 f1a6 a3a2	2158	advancedPawn advantage endgame long master quietMove sacrifice	https://lichess.org/cuQl3aZ8#57
00LZl	r2qkb1r/ppp2ppp/2n5/3pPb2/3n1B2/2NB1N2/PP3PPP/R2QK2R b KQkq - 3 9	f8b4 f3d4 c6d4 d1a4 d4c6 d3f5	2161	advantage deflection fork long opening	https://lichess.org/jBb2kj01/black#18
00vf5	r1b1kbnr/1pqp1ppp/p1n1p3/8/2BNP3/P1N5/1PP2PPP/R1BQK2R b KQkq - 0 7	g8e7 d4b5 a6b5 c3b5 c7b8 b5d6	2162	crushing long opening sacrifice	https://lichess.org/DaGWQ4jB/black#14
008Sk	8/6pp/3Bp2k/p2pP2P/P2bp1PK/8/r7/5R2 b - - 2 37	d4f2 f1f2 g7g5 h4g3 a2f2 g3f2	2163	crushing endgame long	https://lichess.org/rah6MiKa/black#74
00LRq	1k6/1p1q4/P2p3p/1NpPpn1Q/5b2/2P3r1/1P2B1P1/R6K b - - 3 28	g3g7 a6a7 b8a8 b5c7 d7c7 h5e8 c7b8 a7b8q	2163	advancedPawn discoveredCheck doubleCheck mate mateIn4 middlegame promotion queensideAttack sacrifice veryLong	https://lichess.org/i9yxFCW9/black#56
000qP	8/7R/8/5p2/4bk1P/8/2r2K2/6R1 w - - 7 51	f2f1 f4f3 f1e1 c2c1 e1d2 c1g1	2172	crushing endgame exposedKing long skewer	https://lichess.org/r4xUR6fC#101
0091A	1r3rk1/q4ppp/p3Pb2/3nN3/P2P4/7Q/1B4PP/1R3RK1 b - - 0 24	b8b2 e6f7 f8f7 h3c8 f7f8 c8e6	2177	advancedPawn advantage kingsideAttack long middlegame	https://lichess.org/XYVC46Km/black#48
00ZvN	8/8/8/4kppp/8/4KPPP/8/8 b - - 0 35	f5f4 g3f4 g5f4 e3d3 e5f6 h3h4	2177	crushing defensiveMove endgame long pawnEndgame	https://lichess.org/IxlFLAaM/black#70
008LT	r4rk1/6p1/b3p1nN/p1pp4/1p3P1q/3P1Q1B/PPP2PK1/R6R b - - 0 26	g8h8 h6f7 f8f7 h3e6	2205	crushing kingsideAttack middlegame pin sacrifice short	https://lichess.org/vnxisKeU/black#52
00ZEW	r1b5/pppqNkp1/3p3p/6rn/1PP2p1N/P5P1/4Q2P/4RRK1 b - - 3 22	g5e5 e2h5 e5h5 f1f4 f7e8 e7g6	2205	advantage discoveredAttack discoveredCheck long middlegame pin sacrifice	https://lichess.org/cjMxj5uZ/black#44
00nsa	6k1/1p1R3p/pB4p1/P3bpK1/4r2P/6P1/2P2P2/8 w - - 3 34	b6c5 e4g4 g5h6 g4h4 g3h4 e5f4	2231	deflection endgame long mate mateIn3 sacrifice	https://lichess.org/5vB71xSl#67
00dt1	Q7/8/3B4/2p5/Krkn4/8/8/8 w - - 1 54	a4a3 d4b5 a3a2 b5c3 a2a1 b4b1	2234	arabianMate endgame exposedKing fork long master mate mateIn3	https://lichess.org/AQkAsoMX#107
004Op	2kr2r1/1bp4n/1pq1p2p/p1P5/1P3B2/P6P/5RP1/RB2Q1K1 w - - 3 26	e1f1 d8d1 f1d1 g8g2 g1f1 g2g1 f1e2 g1d1	2235	crushing deflection kingsideAttack middlegame pin sacrifice skewer veryLong	https://lichess.org/tneg9Bzk#51
00U2C	8/8/6RP/2p5/p1k1pP2/4P3/np1K4/8 w - - 0 48	g6b6 a2b4 b6b4 c4b4 d2c2 b4a3 h6h7 a3a2	2235	crushing defensiveMove endgame master quietMove veryLong	https://lichess.org/ZQ9GNX6h#95
0092V	r2qk1nr/ppp3pp/2n5/1B1pp3/1b1P4/5Q1P/PP1B1PP1/RN2K2R b KQkq - 3 11	e5e4 b5c6 b7c6 f3h5 g7g6 h5e5	2259	crushing exposedKing long opening	https://lichess.org/bW5LiCa5/black#22
00P81	6k1/5p2/4p2p/3pPP2/1R5P/7r/2B5/2b2K2 b - - 0 46	h3c3 b4b8 g8h7 f5e6 c3c2 e6e7	2319	advancedPawn crushing discoveredAttack discoveredCheck endgame long sacrifice	https://lichess.org/SIETCqbJ/black#92
00M7w	r1b1k2r/ppp2ppp/2n5/2bBp3/2Pq4/3P1QP1/P2B1P1P/1R2K1NR b Kkq - 2 12	f7f6 g1e2 d4f2 f3f2 c5f2 e1f2	2325	crushing long opening	https://lichess.org/rhyiYyX3/black#24
00DZe	8/5k2/7p/p1P1bPpP/Pp2P3/1P1pBK2/8/8 w - - 1 47	e3f2 g5g4 f3e3 e5d4 e3d3 d4f2	2340	bishopEndgame crushing deflection endgame long master skewer	https://lichess.org/MVHl8Zy9#93
00Mca	1k6/1Pp1rqp1/p1R5/6pp/Q6P/1P6/P4PBK/3r4 b - - 5 34	e7e6 a4c4 e6c6 c4f7	2349	crushing endgame short	https://lichess.org/FcSCJACK/black#68
00u3b	rn2kb1r/pbqp1ppp/1p2p3/3nP3/2BP4/5N2/PP2QPPP/RNB1K2R w KQkq - 0 9	b1c3 d5c3 b2c3 b6b5 a1b1 b5c4	2351	crushing long opening	https://lichess.org/hg1xugvX#17
00Nhl	5r1r/pR5p/k1ppb1n1/4p1Q1/N3P3/1P1P4/P1P3PP/6K1 w - - 1 23	b7h7 g6f4 g5f4 e5f4 h7h8 f8h8	2356	advantage long middlegame	https://lichess.org/BEOTFmYh#45
005ws	8/8/5pp1/3K3p/3N2kP/8/8/8 w - - 2 62	d5e6 g6g5 h4g5 f6g5 e6d5 h5h4 d5e4 h4h3 d4f3 g4g3	2361	crushing endgame knightEndgame master masterVsMaster quietMove veryLong	https://lichess.org/LOwACSXb#123
006XF	r5kr/pp1qb1p1/2p4p/3pPb1Q/3P4/2P1B3/PP4PP/R4RK1 b - - 1 17	f5e4 h5f7 g8h7 f1f6 e7f6 f7d7	2372	advantage long middlegame pin	https://lichess.org/Ynra1LLE/black#34
04JfE	r2qr1k1/5pb1/1p1p1n2/p2P1QBp/7R/P1N4P/1PP3PN/6K1 w - - 1 23	h4h5 f6h5 g5d8 g7d4	2400	crushing middlegame sacrifice short	https://lichess.org/92uvPtYe#45
05n2Y	r7/1p4kp/1N3pp1/p1p5/8/2P5/5PPP/5NK1 b - - 1 29	a5a4 b6a8 a4a3 f1e3 a3a2 e3c2	2402	crushing defensiveMove endgame hangingPiece long quietMove	https://lichess.org/fcqVLDeU/black#58
02xQE	8/8/3p1k2/R2P4/1pPK4/2r5/8/8 b - - 2 47	f6f5 a5a6 c3c1 a6d6 b4b3 d6b6	2404	crushing endgame long rookEndgame	https://lichess.org/e3V6EWHk/black#94
0843V	4kb2/8/5P2/P3K2p/7P/1p6/b7/2B5 b - - 1 50	f8h6 a5a6 e8f7 a6a7 h6c1 a7a8q	2411	advancedPawn advantage bishopEndgame endgame long promotion	https://lichess.org/2gVlBrn5/black#100
00CbV	2r3k1/5p2/p3p1nQ/3pPP2/2qN4/2b3BP/7K/4R3 b - - 0 33	c3e1 f5f6 e1g3 h2g3 c4d3 d4f3 d3f3 g3f3 g6h4 h6h4	2416	crushing middlegame veryLong	https://lichess.org/B294fXRo/black#66
01ANO	5Nk1/2q3p1/2p1Pp2/1p3P2/1PpP4/2P1n3/3b2Q1/5R1K w - - 1 32	g2h3 e3f1 f8g6 c7h2 h3h2 f1h2 h1h2 d2c3 g6e7 g8f8	2417	crushing endgame exposedKing veryLong	https://lichess.org/pkCHmW5V#63
02prq	5r2/1bq1k2Q/p3pr2/1p1n1pN1/5Pn1/8/PP4PP/3RRBK1 b - - 2 27	e7d6 e1e6 f6e6 h7c7 d6c7 g5e6 c7d7 e6f8	2424	attraction crushing fork master middlegame pin veryLong	https://lichess.org/iK1ujUS7/black#54
03L7e	8/8/3p1p1p/1p2k1p1/1P4PP/2PK2P1/8/8 b - - 1 35	e5d5 h4h5 d5e5 c3c4 b5c4 d3c4 d6d5 c4d3	2431	crushing defensiveMove endgame pawnEndgame quietMove veryLong zugzwang	https://lichess.org/rVOLIgJD/black#70
03kpk	rn1qr1k1/2b2ppp/ppP2n2/1P1p4/P2P2b1/2NQ4/2BB1PPP/R3R1K1 b - - 2 19	g4h5 e1e8 d8e8 c3d5 h5g6 d5c7	2442	crushing long middlegame	https://lichess.org/w4CXG9oK/black#38
07F4Q	r1b1r1k1/4q3/2pp2p1/p1n4p/2PRn3/P1P1BP1P/2Q1B1P1/3R2K1 b - - 0 25	e4g3 c2g6 g8h8 e3g5	2444	crushing fork middlegame short	https://lichess.org/VxuFxuQp/black#50
03BKg	1rbq1k1r/p1p3pp/2nbPpn1/3N4/3P4/2P2Q2/PP3PPP/R1B1R1K1 b - - 2 18	c6e7 f3f6 g7f6 c1h6 f8g8 d5f6	2448	intermezzo long mate mateIn3 opening sacrifice	https://lichess.org/yChTknxk/black#36
07wvy	rnb2rk1/pppp2pp/5q2/3Np3/1bP3n1/2NBP1P1/PP2QP1P/R1B1K2R b KQ - 2 12	b4c3 b2c3 f6f2 e2f2 g4f2 e1g1	2450	advantage castling long opening	https://lichess.org/OyCYvHxG/black#24
00VlM	1k6/1p2rp1p/1p4b1/1N1B4/2P2p2/3p3P/P2Rr3/2K2R2 w - - 4 34	f1f4 e2e1 c1b2 e7e2 b2c3 e1c1 c3d4 e2d2	2458	advantage clearance deflection exposedKing middlegame veryLong	https://lichess.org/bUns6omN#67
03jUK	4r2k/1b3Bpp/ppq2b1B/2p5/P2p2Q1/3P4/1PP2RPP/5rK1 w - - 0 28	g1f1 e8f8 f7b3 g7h6	2459	crushing master middlegame short	https://lichess.org/u2tVp1xp#55
05gRn	8/p1p1Q1pk/K7/3r4/1p6/P3R1P1/1q6/8 b - - 1 41	b4a3 e7h4 h7g8 e3e8 g8f7 h4e7 f7g6 e7e4 d5f5 e8e6	2463	advantage clearance endgame fork veryLong	https://lichess.org/qNUNZNP8/black#82
07ACY	5nk1/q5b1/2Bp2bp/3Pp1p1/8/1P6/3N1RPP/3Q2K1 w - - 1 29	d1f3 e5e4 d2e4 g6e4 f3e4 a7a1 f2f1 g7d4 e4d4 a1d4	2476	crushing middlegame veryLong	https://lichess.org/PPAm7sJX#57
03VSQ	8/7P/1R6/1p6/5k2/5b2/PP5r/5K2 w - - 5 47	h7h8q h2h8 b6b5 f4g3 b5g5 f3g4 g5g4 g3g4	2477	crushing endgame veryLong	https://lichess.org/q59C49Zb#93
05F1i	rnb2rk1/pppp1ppp/8/4P3/2B1n2q/1Q4P1/PB3P1P/R3K1NR b KQ - 0 11	e4g3 f2g3 h4e4 e1f2	2477	advantage defensiveMove opening short	https://lichess.org/wxiwpgAq/black#22
01W7X	8/1R6/p1r1k3/2P2p2/1P6/1K6/3R4/r7 b - - 2 48	a6a5 d2e2 e6f6 b7b6	2479	crushing endgame rookEndgame short	https://lichess.org/7tpihtDC/black#96
03Idr	r1b2k1r/p1bp2p1/1pn4p/2p2q2/4N2N/1Q6/PP3PPP/R1B1R1K1 b - - 3 15	f5g4 e4g5 c7h2 g1h1	2482	crushing defensiveMove opening quietMove short	https://lichess.org/xMYS66kx/black#30
06Xby	8/2b2B2/1k3p1p/pPpPp1pP/K1P1P1P1/8/8/8 w - - 7 49	f7e8 f6f5 e4f5 e5e4 d5d6 e4e3 d6c7 b6c7	2485	bishopEndgame crushing endgame quietMove sacrifice veryLong	https://lichess.org/1DoWsbA8#97
04SG4	4r3/1p5R/p2kb3/4nr2/3Q4/3P4/qPP3P1/2K1RB2 b - - 0 26	d6c6 e1e5 a2b1 c1d2 f5e5 d4e5 b1c2 d2c2	2486	crushing middlegame veryLong	https://lichess.org/BUyNhl0L/black#52
00RPk	8/2p5/5ppp/1PkP4/p4PPP/P1K5/8/8 b - - 0 39	c5b5 c3d4 c7c5 d5c6 b5c6 d4c4	2490	advantage defensiveMove enPassant endgame long pawnEndgame	https://lichess.org/vOFXdfEu/black#78
02ZOs	2R5/8/8/1p6/nk6/1p6/1K6/8 w - - 8 55	b2b1 b4a3 c8c6 b3b2 c6a6 a3b3 a6a4 b3a4 b1b2 a4b4	2495	advancedPawn crushing defensiveMove endgame veryLong zugzwang	https://lichess.org/vCdRWEpI#109
03DIX	4rrk1/5pp1/3p3p/p1p5/2q1P3/4Q3/PP3P2/1K2R1R1 b - - 1 23	g7g5 e3g5 h6g5 g1g5 g8h8 e1h1	2505	endgame long mate mateIn3 sacrifice	https://lichess.org/M4Zq4Q9z/black#46
06ujk	r2q1rk1/1pp2ppp/p1b2n2/4P3/8/4R3/PPBB1P2/R2Q2K1 b - - 0 19	f6d5 c2h7 g8h8 e3h3 d5f4 d2f4 d8d1 a1d1	2505	crushing middlegame quietMove veryLong	https://lichess.org/Yv3zeSP5/black#38
01pVq	r1b2rk1/pp1nbpp1/1qpp1n1p/4p3/1P2P3/P1NP1N2/1BP1BPPP/R2Q1RK1 b - - 0 11	d7c5 b4c5 b6b2 d1d2	2507	advantage opening short	https://lichess.org/AGkx6s31/black#22
01zXk	6k1/5p2/4p1r1/2Q3P1/7P/8/r7/6K1 b - - 0 49	f7f6 c5c8 g8h7 c8b7 h7h8 b7b1	2520	crushing endgame exposedKing long queenRookEndgame	https://lichess.org/sWqqc3n6/black#98
06vuB	r3nrk1/1pqbp1bp/p2p2p1/4n3/4P1P1/1NN1BP2/PPPQB3/R3K2R w KQ - 0 15	e3h6 e5f3 e2f3 g7c3 b2c3 f8f3	2522	advantage discoveredAttack fork long middlegame pin	https://lichess.org/xdwelgzU#29
02Ht4	r1b2rk1/1pR3b1/3q2p1/1Q1Pp2p/4P2P/5p2/B4PP1/R4NK1 w - - 0 25	g2g3 d6c7 d5d6 a8a2 d6c7 a2a1	2536	advantage hangingPiece long middlegame	https://lichess.org/B8bFeLSf#49
01uWs	2kr3r/bpp2pp1/2pqbn2/P6p/1p2P3/2PP3P/2N1BPP1/R1BQK2R w KQ - 1 14	c2b4 f6e4 d3e4 d6c5 e1g1 d8d1	2540	crushing discoveredAttack long middlegame sacrifice	https://lichess.org/47BesqQE#27
04ktP	8/R7/2k1K3/3p4/P2P4/1rp5/8/8 w - - 0 57	a7a6 b3b6 a6a5 c6c7	2551	crushing defensiveMove discoveredAttack discoveredCheck endgame rookEndgame short	https://lichess.org/EVSP6Jde#113
01x7T	3r1bk1/7p/3P2p1/RP3p2/1q2pP1P/1B1p2P1/Q6K/8 b - - 0 42	g8g7 a5a7 g7h6 b3g8 f8g7 a7g7 d8g8 a2g8	2556	crushing endgame master veryLong	https://lichess.org/IU4Qd45l/black#84
05UHJ	4r2k/3q2p1/5bbp/2p1p1n1/2P5/1Q1P1NNP/P3R1P1/4R1K1 w - - 7 29	f3e5 f6e5 e2e5 e8e5 b3b8 e5e8	2558	advantage long middlegame	https://lichess.org/azOTCTGC#57
02eak	3Q4/1N4pk/p2P3p/1b3p2/3q4/P6P/2P2KP1/4R3 w - - 0 37	e1e3 d4d2 f2f3 b5c6 f3f4 d2d4	2559	crushing endgame fork long	https://lichess.org/6O5YO2zz#73
02sYm	8/8/4pk1p/ppr2pp1/3R4/P1P2PP1/1P2K2P/8 b - - 0 35	c5d5 d4d5 e6d5 e2e3 f6e5 f3f4	2559	crushing endgame long rookEndgame	https://lichess.org/VthbiXBS/black#70
05SOm	6rk/3b1prp/p2p1Q2/2pPp3/3qP1P1/5B1P/5PK1/R6R w - - 3 26	f6d6 d7g4 h3g4 g7g4 f3g4 d4e4 g2f1 e4h1 f1e2 h1e4	2561	crushing deflection fork middlegame pin sacrifice skewer veryLong	https://lichess.org/mya3BFq3#51
03q1Y	r1b1kb1r/pp1ppppp/1qn2n2/8/3P1B2/5N2/PPPN1PPP/R2QKB1R b KQkq - 6 6	b6b2 d2c4 b2b4 c2c3 b4c3 f4d2	2570	advantage defensiveMove long opening	https://lichess.org/n4UYvYeb/black#12
05ZV5	8/8/3k4/1P2pppp/2K5/5PP1/7P/8 b - - 0 36	h5h4 g3g4 e5e4 g4f5 e4f3 c4d3	2571	crushing defensiveMove endgame long pawnEndgame	https://lichess.org/Zjcc0GfM/black#72
06gR1	8/8/5pp1/1k1K4/7p/8/6PP/8 b - - 1 38	b5b4 d5e6 f6f5 e6f6 f5f4 h2h3	2585	crushing defensiveMove endgame long pawnEndgame	https://lichess.org/CjV3u94I/black#76
03yEO	r6k/6p1/4Q2p/p4N2/6n1/8/Pq3PPP/3R2K1 w - - 1 34	e6f7 b2f2 g1h1 a8g8 f5h6 g7h6	2600	advantage endgame long quietMove	https://lichess.org/4ff6QXds#67
070A2	8/5p2/R5p1/P6p/5PkP/6P1/6K1/r7 w - - 6 54	a6a8 a1a2 g2f1 g4g3 a8a7 a2f2 f1e1 f2f4	2610	crushing deflection endgame rookEndgame veryLong	https://lichess.org/4NdUUF7A#107
020IV	8/4kp1p/p7/1p1K2p1/2pP2P1/2P4P/P7/8 b - - 1 32	e7f6 a2a3 a6a5 d5c5	2611	advantage endgame pawnEndgame quietMove short	https://lichess.org/SvyPh2kA/black#64
037KQ	r1r3k1/pR3pp1/4p2p/2p5/4Q3/q2B3P/P1P2PP1/6K1 b - - 2 20	g7g6 e4f4 c8f8 d3g6 f7g6 f4h6 a3c1 h6c1	2612	crushing discoveredAttack endgame veryLong	https://lichess.org/yIOOv2Qf/black#40
02MZc	8/2p5/p2k1p2/2p1p1p1/1PP1P1P1/P3KP2/8/8 w - - 0 40	e3d3 c5b4 a3b4 d6c6 d3c3 c6b6 b4b5 a6b5	2613	crushing endgame pawnEndgame veryLong	https://lichess.org/GhOQBq6V#79
02YEp	r1b5/7p/pp4pk/2qpQn1r/8/PBN2P1P/1PP3P1/3RR2K w - - 3 24	e5d5 f5g3 h1h2 h5h3 g2h3 c5f2	2617	kingsideAttack long mate mateIn3 middlegame sacrifice	https://lichess.org/cafPuOxW#47
04x2X	r3kb1r/1b1n1ppp/p3p3/1p2P3/8/4B3/PqB2QPP/RN3RK1 b kq - 1 16	b2a1 f2f7 e8d8 f1d1 f8e7 f7e6	2640	advantage attackingF2F7 long middlegame pin	https://lichess.org/nA2aDV3i/black#32
04F9F	2r5/4p2k/p3P1pp/2pPQp2/1p6/8/qP4PP/2KR3R w - - 0 28	h2h4 c5c4 c1d2 c4c3 d2e2 c3b2 d1d2 b2b1q h1b1 a2b1	2646	advancedPawn crushing endgame interference pin promotion queensideAttack quietMove veryLong	https://lichess.org/ApSN8sJ1#55
03QN5	8/p7/1p1k4/2pp4/2PPp2p/1PK1P2P/P7/8 b - - 1 34	a7a6 d4c5 b6c5 c4d5 d6d5 b3b4	2666	crushing endgame long pawnEndgame	https://lichess.org/Zd7s30AU/black#68
03iyb	7r/5p2/3R1np1/2Pk4/6q1/Q7/6Pr/6K1 b - - 7 36	d5e5 a3b2 e5f4 b2f2 f4g5 f2f6 g5h6 f6h8	2811	crushing endgame veryLong	https://lichess.org/7jfiGxoe/black#72
